{
	"dimension": 3,
	"Nx": 32,
	"Ny": 32,
	"Nz": 32,


	"Lx": 6.2831853,
	"Ly": 6.2831853,
	"Lz": 6.2831853,

	"nu": 0.005,

	"tinit": 0,
	"tfinal": 0.02 ,
	"dt": 0.01,

	"file_save_interval": 0.01
}
